{
  "project_info": {
    "project_number": "120103648273",
    "firebase_url": "https://mysub-217b6-default-rtdb.europe-west1.firebasedatabase.app",
    "project_id": "mysub-217b6",
    "storage_bucket": "mysub-217b6.appspot.com"
  },
  "client": [
    {
      "client_info": {
        "mobilesdk_app_id": "1:120103648273:android:b93d60989b63dffb48c5b0",
        "android_client_info": {
          "package_name": "com.nsg.mysubnsfw"
        }
      },
      "oauth_client": [],
      "api_key": [
        {
          "current_key": "AIzaSyAg500gKYO4uKvCACEBaS6TY_heqSF0uKU"
        }
      ],
      "services": {
        "appinvite_service": {
          "other_platform_oauth_client": []
        }
      }
    }
  ],
  "configuration_version": "1"
}